status,category_id,referral_source,client_type,id
"Converted New",,,,65459
"Converted New",,,,65463
"Converted New",,,,65469
"Converted New",,,,65506
"Converted New",,,,65533
"Converted New",,,,65543
"Converted New",,,,65545
New,,,,65169
New,,,,65173
Converted,,"Web Site",Processing,65178
New,,,,65189
Converted,,"Web Site",Processing,65196
Converted,,"Web Site",Processing,65197
Converted,,"Web Site",Processing,65198
Converted,,,,65212
New,,,,65340
New,,,,65341
New,,,,65342
New,,"Web Site",Processing,65343
New,,,,65344
New,,,,65345
New,,,,65346
New,,,,65351
New,,"Web Site",Processing,65353
New,,"Web Site",Processing,65355
Converted,,"Web Site",Processing,65356
New,,,,65357
New,,,,65358
New,,,,65359
New,,,,65360
New,,,,65361
New,,,,65362
New,,,,65363
New,,,,65364
New,,,,65365
New,,,,65366
New,,"Web Site",Processing,65367
New,,"Web Site",Processing,65369
Converted,,"Web Site",Processing,65370
New,,,,65371
New,,,,65372
New,,,,65373
New,,,,65374
New,,,,65380
New,,,,65381
New,,,,65382
New,,,,65383
New,,,,65384
New,,,,65385
New,,,,65388
New,,,,65389
Converted,,"Web Site",Processing,65390
Converted,,"Web Site",Processing,65391
Converted,,"Web Site",Processing,65392
Converted,,"Web Site",Processing,65393
Converted,,"Web Site",Processing,65394
Converted,,"Web Site",Processing,65395
New,,"Web Site",Processing,65400
New,,"Web Site",Processing,65401
New,,"Web Site",Processing,65403
Converted,,"Web Site",Processing,65404
New,,,,65405
New,,,,65406
New,,,,65407
New,,"Web Site",Processing,65408
New,,"Web Site",Processing,65409
New,,"Web Site",Processing,65411
Converted,,"Web Site",Processing,65412
New,,,,65413
New,,,,65414
New,,,,65415
New,,"Web Site",Processing,65416
New,,"Web Site",Processing,65418
Converted,,"Web Site",Processing,65419
New,,,,65420
New,,,,65421
New,,,,65423
New,,"Web Site",Processing,65424
New,,"Web Site",Processing,65426
Converted,,"Web Site",Processing,65427
New,,,,65428
New,,,,65429
New,,,,65430
New,,"Web Site",Processing,65431
Converted,,"Web Site",Processing,65432
New,,"Web Site",Processing,65433
New,,"Web Site",Processing,65435
Converted,,"Web Site",Processing,65436
New,,,,65437
New,,,,65438
New,,,,65439
New,,,,65452
New,,,,65453
Converted,,,,65455
New,,,,65456
New,,,,65457
New,,,,65458
Converted,,,,65460
New,,,,65461
New,,,,65462
Converted,,,,65464
New,,,,65467
New,,,,65468
Converted,,,,65470
New,,"Web Site",Processing,65471
New,,"Web Site",Processing,65473
Converted,,"Web Site",Processing,65474
New,,,,65475
New,,,,65476
New,,,,65495
New,,,,65496
New,,,,65497
New,,,,65498
New,,,,65504
New,,,,65505
Converted,,,,65507
New,,"Web Site",Processing,65508
New,,"Web Site",Processing,65510
Converted,,"Web Site",Processing,65511
New,,,,65512
New,,,,65513
New,,,,65514
New,,,,65525
New,,,,65531
New,,,,65532
Converted,,,,65534
New,,"Web Site",Processing,65535
New,,"Web Site",Processing,65537
Converted,,"Web Site",Processing,65538
New,,,,65539
New,,,,65540
New,,,,65541
New,,,,65542
New,,,,65544
Converted,,,,65546
New,,"Web Site",Processing,65547
New,,"Web Site",Processing,65549
Converted,,"Web Site",Processing,65550
New,,,,65551
New,,,,65553
New,,,,65554
New,,"Web Site",Processing,65558
New,,"Web Site",Processing,65560
Converted,,"Web Site",Processing,65561
New,,,,65562
New,,,,65563
New,,,,65564
New,,,,65166
New,,,,65168
New,,Email,,65213
New,,,,65449
New,,,,65552
Converted,,,,65555
New,,,,65556
New,,,,65557
New,,,,65314
New,,,,65315
New,,,,65319
New,,,,65320
New,,,,65324
New,,,,65325
New,,,,65347
New,,,,65352
New,,,,65375
New,,,,65376
New,,,,65386
New,,,,65387
New,,,,65396
New,,,,65422
New,,,,65440
New,,,,65441
New,,,,65445
New,,,,65450
New,,,,65451
New,,,,65465
New,,,,65466
New,,,,65480
New,,,,65481
New,,,,65485
New,,,,65486
New,,,,65490
New,,,,65491
New,,,,65499
New,,,,65500
New,,,,65515
New,,,,65516
New,,,,65520
New,,,,65521
New,,,,65526
New,,,,65527
Dead,,YourOffice,VoIP,65170
Dead,,YourOffice,Processing,65171
Dead,,PCA,VoIP,65172
Dead,,YourOffice,VoIP,65316
Dead,,YourOffice,Processing,65317
Dead,,PCA,VoIP,65318
Dead,,YourOffice,VoIP,65321
Dead,,YourOffice,Processing,65322
Dead,,PCA,VoIP,65323
Dead,,YourOffice,VoIP,65326
Dead,,YourOffice,Processing,65327
Dead,,PCA,VoIP,65328
Dead,,YourOffice,VoIP,65348
Dead,,YourOffice,Processing,65349
Dead,,PCA,VoIP,65350
Dead,,YourOffice,VoIP,65377
Dead,,YourOffice,Processing,65378
Dead,,PCA,VoIP,65379
Dead,,YourOffice,VoIP,65397
Dead,,YourOffice,Processing,65398
Dead,,PCA,VoIP,65399
Dead,,YourOffice,VoIP,65442
Dead,,YourOffice,Processing,65443
Dead,,PCA,VoIP,65444
Dead,,YourOffice,VoIP,65446
Dead,,YourOffice,Processing,65447
Dead,,PCA,VoIP,65448
Dead,,YourOffice,VoIP,65477
Dead,,YourOffice,Processing,65478
Dead,,PCA,VoIP,65479
Dead,,YourOffice,VoIP,65482
Dead,,YourOffice,Processing,65483
Dead,,PCA,VoIP,65484
Dead,,YourOffice,VoIP,65487
Dead,,YourOffice,Processing,65488
Dead,,PCA,VoIP,65489
Dead,,YourOffice,VoIP,65492
Dead,,YourOffice,Processing,65493
Dead,,PCA,VoIP,65494
Dead,,YourOffice,VoIP,65501
Dead,,YourOffice,Processing,65502
Dead,,PCA,VoIP,65503
Dead,,YourOffice,VoIP,65517
Dead,,YourOffice,Processing,65518
Dead,,PCA,VoIP,65519
Dead,,YourOffice,VoIP,65522
Dead,,YourOffice,Processing,65523
Dead,,PCA,VoIP,65524
Dead,,YourOffice,VoIP,65528
Dead,,YourOffice,Processing,65529
Dead,,PCA,VoIP,65530
